Model,Accuracy,F1-Score (Weighted),F1-Score (Hoax),F1-Score (Valid)
TF-IDF + LogReg,0.8550488599348535,0.8556390614002167,0.814968814968815,0.8808567603748326
IndoBERT,0.9348534201954397,0.9344440703791512,0.9122807017543859,0.9481865284974094
